company,title,href
Givelify,Frontend React Engineer,https://remoteok.io//remote-jobs/98897-remote-frontend-react-engineer-givelify
Scalable Path,Frontend React Developer For E Commerce Analytics Product,https://remoteok.io//remote-jobs/98884-remote-frontend-react-developer-for-e-commerce-analytics-product-scalable-path
Strydal,Software Engineer - Live Video App,https://remoteok.io//remote-jobs/98865-remote-software-engineer-live-video-app-strydal
Base,Senior Fullstack Engineer,https://remoteok.io//remote-jobs/98847-remote-senior-fullstack-engineer-base
Base,Senior Product Designer,https://remoteok.io//remote-jobs/98845-remote-senior-product-designer-base
BairesDev,React Native Developer,https://remoteok.io//remote-jobs/98822-remote-react-native-developer-bairesdev
JBS Custom Software Solutions,Senior React Native Mobile Developer,https://remoteok.io//remote-jobs/98812-remote-senior-react-native-mobile-developer-jbs-custom-software-solutions
BairesDev,React Developer,https://remoteok.io//remote-jobs/98782-remote-react-developer-bairesdev
Toptal,Freelance React Developer –,https://remoteok.io//remote-jobs/98613-remote-freelance-react-developer-remote-toptal
AppEvolve,Senior React Developer,https://remoteok.io//remote-jobs/98601-remote-senior-react-developer-appevolve
TopDevz,React Native Mobile IOS Android GIS W Sensing Exp,https://remoteok.io//remote-jobs/98590-remote-react-native-mobile-ios-android-gis-w-sensing-exp-topdevz
Sherpany AG,Senior React Developer,https://remoteok.io//remote-jobs/98583-remote-senior-react-developer-sherpany-ag
Modal,Principal Architect,https://remoteok.io//remote-jobs/97019-remote-principal-architect-modal
Scalable Path,Full Stack Laravel React Developer,https://remoteok.io//remote-jobs/98499-remote-full-stack-laravel-react-developer-scalable-path
Scalable Path,Senior Full Stack Laravel React Developer,https://remoteok.io//remote-jobs/98480-remote-senior-full-stack-laravel-react-developer-scalable-path
Petal,Senior Full Stack Engineer,https://remoteok.io//remote-jobs/98453-remote-senior-full-stack-engineer-petal
Follow Up Boss,Senior Full Stack Engineer,https://remoteok.io//remote-jobs/98373-remote-senior-full-stack-engineer-follow-up-boss
GrowFlow,Senior Frontend JS React Engineer,https://remoteok.io//remote-jobs/98234-remote-senior-frontend-js-react-engineer-growflow
AKTEK,Senior MERN Stack Developer,https://remoteok.io//remote-jobs/98188-remote-senior-mern-stack-developer-aktek
Plex,Full Stack React Developer,https://remoteok.io//remote-jobs/98120-remote-full-stack-react-developer-plex
Plex,Full Stack React Node Developer,https://remoteok.io//remote-jobs/98156-remote-full-stack-react-node-developer-plex
AppEvolve,Senior React Native Developer,https://remoteok.io//remote-jobs/98004-remote-senior-react-native-developer-appevolve
Variphy,Enterprise Software Java React Redux Full Web Stack Developer,https://remoteok.io//remote-jobs/97987-remote-enterprise-software-java-react-redux-full-web-stack-developer-variphy
Sam :],Senior Front End Developer,https://remoteok.io//remote-jobs/97965-remote-senior-front-end-developer-sam
Veezoo AG,React Frontend Developer,https://remoteok.io//remote-jobs/97920-remote-react-frontend-developer-veezoo-ag
Mozn ,React Native Developer,https://remoteok.io//remote-jobs/97918-remote-react-native-developer-mozn
Superformula,React Engineer For Digital Consumer Products,https://remoteok.io//remote-jobs/97908-remote-react-engineer-for-digital-consumer-products-superformula
Airtable,QA Analyst (contract),https://remoteok.io//remote-jobs/97873-remote-qa-analyst-contract-airtable
Brickblock,Senior Fullstack JS Engineer,https://remoteok.io//remote-jobs/97823-remote-senior-fullstack-js-engineer-brickblock
Remo,Senior Full Stack Developer,https://remoteok.io//remote-jobs/97818-remote-senior-full-stack-developer-remote-remo
Boyle Software,Java React Developer,https://remoteok.io//remote-jobs/97794-remote-java-react-developer-boyle-software
Cleo AI,Senior React Engineer With Eye For Design,https://remoteok.io//remote-jobs/97791-remote-senior-react-engineer-with-eye-for-design-cleo-ai
Koinly,Sr. React Developer,https://remoteok.io//remote-jobs/97773-remote-sr-react-developer-koinly
SMB Leads team,Ruby React.js Engineer Toptal,https://remoteok.io//remote-jobs/97738-remote-ruby-react-js-engineer-toptal-smb-leads-team
DjangoForce,Senior React Developer,https://remoteok.io//remote-jobs/97710-remote-senior-react-developer-djangoforce
YouGov,React D3 Developer,https://remoteok.io//remote-jobs/97657-remote-react-d3-developer-yougov
Raisely,Front-end Engineer,https://remoteok.io//remote-jobs/97577-remote-front-end-engineer-raisely
komoot,React JS Developer,https://remoteok.io//remote-jobs/97572-remote-react-js-developer-komoot
HubTran,Senior Software Engineer Rails Elm React,https://remoteok.io//remote-jobs/97453-remote-senior-software-engineer-rails-elm-react-hubtran
Clevertech,React Native Developer,https://remoteok.io//remote-jobs/97405-remote-react-native-developer-clevertech
Prominent Edge,Lead Full-stack Software Engineer,https://remoteok.io//remote-jobs/97397-remote-lead-full-stack-software-engineer-prominent-edge
UCRAFT,Senior React.js Engineer,https://remoteok.io//remote-jobs/97362-remote-senior-react-js-engineer-ucraft
Mahisoft,Senior React Native Developer,https://remoteok.io//remote-jobs/97346-remote-senior-react-native-developer-mahisoft
MobyMax,PHP React Fullstack Developer For Edtech Company,https://remoteok.io//remote-jobs/97315-remote-php-react-fullstack-developer-for-edtech-company-mobymax
MobyMax,PHP React Fullstack Developer,https://remoteok.io//remote-jobs/97316-remote-php-react-fullstack-developer-mobymax
e-Avrop,Driven Systemutvecklare .NET Core AWS React,https://remoteok.io//remote-jobs/97307-remote-driven-systemutvecklare-net-core-aws-react-e-avrop
district0x,Clojurescript Developer,https://remoteok.io//remote-jobs/97255-remote-clojurescript-developer-district0x
Just,Senior Software Engineer React/ts,https://remoteok.io//remote-jobs/97238-remote-senior-software-engineer-react-ts-just
X-Team,Senior React Typescript Graphql Developer,https://remoteok.io//remote-jobs/97234-remote-senior-react-typescript-graphql-developer-x-team
Clevertech,React Developer 100,https://remoteok.io//remote-jobs/97201-remote-react-developer-100-clevertech
Evertel Technologies,React Native Developer,https://remoteok.io//remote-jobs/97184-remote-react-native-developer-evertel-technologies
G2i,React Engineer Native Web 100,https://remoteok.io//remote-jobs/97099-remote-react-engineer-native-web-100-g2i
NearForm,Senior React Native Developer,https://remoteok.io//remote-jobs/97106-remote-senior-react-native-developer-nearform
SmartSuite,Software Engineer,https://remoteok.io//remote-jobs/97047-remote-software-engineer-smartsuite
Aha!,Senior Front End Ruby on Rails Engineer,https://remoteok.io//remote-jobs/97039-remote-senior-front-end-ruby-on-rails-engineer-aha
Aha!,Ruby on Rails Engineer React.js,https://remoteok.io//remote-jobs/97037-remote-ruby-on-rails-engineer-react-js-remote-aha
IDEX Innovation,Frontend Developer (react/redux),https://remoteok.io//remote-jobs/97014-remote-frontend-developer-react-redux-idex-innovation
Pitch,Senior Frontend Performance Engineer,https://remoteok.io//remote-jobs/96936-remote-senior-frontend-performance-engineer-pitch
Product Feedback,Senior React Engineer,https://remoteok.io//remote-jobs/96932-remote-senior-react-engineer-product-feedback
Chili Piper,Front End Engineer,https://remoteok.io//remote-jobs/96922-remote-front-end-engineer-chili-piper
Cohabs,Senior Mobile Engineer,https://remoteok.io//remote-jobs/96886-remote-senior-mobile-engineer-cohabs
Nicer Studio,React Developer,https://remoteok.io//remote-jobs/96882-remote-react-developer-nicer-studio
Vamstar,Senior Software Engineer,https://remoteok.io//remote-jobs/86896-remote-senior-software-engineer-vamstar
Scalable Path,Frontend React Html5 Developer With Canvas SVG Experience,https://remoteok.io//remote-jobs/86874-remote-frontend-react-html5-developer-with-canvas-svg-experience-scalable-path
Scalable Path,Full Stack Node React Developer For Chrome Extension,https://remoteok.io//remote-jobs/86985-remote-full-stack-node-react-developer-for-chrome-extension-scalable-path
Retrium,Senior Javascript Engineer,https://remoteok.io//remote-jobs/86816-remote-senior-javascript-engineer-retrium
GrowFlow,Senior Frontend JS React Engineer,https://remoteok.io//remote-jobs/86786-remote-senior-frontend-js-react-engineer-growflow
Modal,Lead Engineer,https://remoteok.io//remote-jobs/86779-remote-lead-engineer-modal
Sherpany AG,Senior React Developer,https://remoteok.io//remote-jobs/86769-remote-senior-react-developer-sherpany-ag
You.i TV,Senior React Native Developer,https://remoteok.io//remote-jobs/86715-remote-senior-react-native-developer-you-i-tv
Coil,Senior Frontend Engineer React,https://remoteok.io//remote-jobs/86863-remote-senior-frontend-engineer-react-coil
Routable,Software Engineer (react/redux),https://remoteok.io//remote-jobs/86593-remote-software-engineer-react-redux-routable
SpiderOak,Software Engineer Front End React,https://remoteok.io//remote-jobs/87045-remote-software-engineer-front-end-react-spideroak
Routable,Senior Frontend Engineer (react Redux),https://remoteok.io//remote-jobs/86491-remote-senior-frontend-engineer-react-redux-routable
Virtual Pricing Director,Full Stack Engineer Legal Tech Node.js React Data Workflow Management,https://remoteok.io//remote-jobs/86467-remote-full-stack-engineer-legal-tech-node-js-react-data-workflow-management-virtual-pricing-director
Virtual Pricing Director,Full Stack Engineer Node.js React Graphql Data Workflow Management,https://remoteok.io//remote-jobs/87174-remote-full-stack-engineer-node-js-react-graphql-data-workflow-management-virtual-pricing-director
Veezoo AG,React Frontend Developer,https://remoteok.io//remote-jobs/86376-remote-react-frontend-developer-veezoo-ag
Coder,Software Engineer,https://remoteok.io//remote-jobs/86350-remote-software-engineer-coder
RebelMouse,Senior Fullstack Engineer (ﾉ◕ヮ◕)ﾉ*:・ﾟ✧,https://remoteok.io//remote-jobs/86299-remote-senior-fullstack-engineer-rebelmouse
Toptal,Freelance React Native Developer,https://remoteok.io//remote-jobs/86222-remote-freelance-react-native-developer-toptal
Groove,React Native Developer,https://remoteok.io//remote-jobs/86195-remote-react-native-developer-groove
Solid Commerce,UI React Developer,https://remoteok.io//remote-jobs/86179-remote-ui-react-developer-solid-commerce
Codelitt,Senior Reactjs Engineer,https://remoteok.io//remote-jobs/85726-remote-senior-reactjs-engineer-codelitt
Toptal,Freelance React Developer –,https://remoteok.io//remote-jobs/85697-remote-freelance-react-developer-remote-toptal
Clevertech,Senior React Developer 100,https://remoteok.io//remote-jobs/85688-remote-senior-react-developer-100-clevertech
SideShift.ai,Full Stack Engineer,https://remoteok.io//remote-jobs/85620-remote-full-stack-engineer-sideshift-ai
Aha!,Lead Ruby on Rails Engineer,https://remoteok.io//remote-jobs/85611-remote-lead-ruby-on-rails-engineer-aha
X-Team,Senior React Native Developer,https://remoteok.io//remote-jobs/87004-remote-senior-react-native-developer-x-team
X-Team,Senior React Developer,https://remoteok.io//remote-jobs/87038-remote-senior-react-developer-x-team
Goxo,Senior Cloud Engineer (full-stack ),https://remoteok.io//remote-jobs/85483-remote-senior-cloud-engineer-full-stack-goxo
Scalable Path,Senior Full Stack Laravel React Developer,https://remoteok.io//remote-jobs/85454-remote-senior-full-stack-laravel-react-developer-scalable-path
Smartbridge AG,Senior Web Developer - Full Stack,https://remoteok.io//remote-jobs/85443-remote-senior-web-developer-full-stack-smartbridge-ag
Clevertech,Ruby React Software Engineer 100,https://remoteok.io//remote-jobs/85430-remote-ruby-react-software-engineer-100-clevertech
Toptal,Freelance React Developer,https://remoteok.io//remote-jobs/85413-remote-freelance-react-developer-toptal
PipelineDeals,Ruby on Rails Developer,https://remoteok.io//remote-jobs/85401-remote-ruby-on-rails-developer-pipelinedeals
Flocknote,Front End Reactjs Architect,https://remoteok.io//remote-jobs/85397-remote-front-end-reactjs-architect-flocknote
Ollie Order,Software Developer,https://remoteok.io//remote-jobs/85395-remote-software-developer-ollie-order
Primary Bid,Full Stack Javascript Typescript Vue Nuxt Docker Mongodb Developer React Ok,https://remoteok.io//remote-jobs/85377-remote-full-stack-javascript-typescript-vue-nuxt-docker-mongodb-developer-react-ok-primary-bid
The Night Sky,Javascript Developer,https://remoteok.io//remote-jobs/85341-remote-javascript-developer-the-night-sky
RemoteLeads,Front-end React.js Developer,https://remoteok.io//remote-jobs/84283-remote-front-end-react-js-developer-remoteleads
HoloMeeting,Senior Full Stack Web Developer,https://remoteok.io//remote-jobs/85219-remote-senior-full-stack-web-developer-holomeeting
Chessable Limited,Senior Mobile React Developer,https://remoteok.io//remote-jobs/85217-remote-senior-mobile-react-developer-chessable-limited
Strydal,Frontend Engineer (react) - Europe,https://remoteok.io//remote-jobs/85083-remote-frontend-engineer-react-europe-strydal
Social Media Marketing,Developingpanel,https://remoteok.io//remote-jobs/85036-remote-developingpanel-social-media-marketing
Matchday,Javascript React Game Developer,https://remoteok.io//remote-jobs/85012-remote-javascript-react-game-developer-matchday
Uprise,Full Stack Developer,https://remoteok.io//remote-jobs/84843-remote-full-stack-developer-uprise
Trumid Technologies,Junior Mid Level React Developer,https://remoteok.io//remote-jobs/84802-remote-junior-mid-level-react-developer-trumid-technologies
Scalable Path,Full Stack PHP React Developer,https://remoteok.io//remote-jobs/84723-remote-full-stack-php-react-developer-scalable-path
Clevertech,Lead React Threejs Developer 100,https://remoteok.io//remote-jobs/84711-remote-lead-react-threejs-developer-100-clevertech
Clevertech,Ruby On Rails With React Engineer 100,https://remoteok.io//remote-jobs/84713-remote-ruby-on-rails-with-react-engineer-100-clevertech
BuddyBoss,React Native Mobile App Developer,https://remoteok.io//remote-jobs/84690-remote-react-native-mobile-app-developer-buddyboss
Scalable Path,Expert Frontend React Redux Developer,https://remoteok.io//remote-jobs/84565-remote-expert-frontend-react-redux-developer-scalable-path
Scalable Path,Expert React Nodejs Mongodb Developer,https://remoteok.io//remote-jobs/84555-remote-expert-react-nodejs-mongodb-developer-scalable-path
Digalyze,Full-stack React/node.js Engineer,https://remoteok.io//remote-jobs/84502-remote-full-stack-react-node-js-engineer-digalyze
Radish Lab,Full Stack Web Developer With React Ruby On Rails Experience,https://remoteok.io//remote-jobs/84418-remote-full-stack-web-developer-with-react-ruby-on-rails-experience-radish-lab
Niphtio,Generalist Mid Senior Level Software Developer Who Loves React Typescript,https://remoteok.io//remote-jobs/84378-remote-generalist-mid-senior-level-software-developer-who-loves-react-typescript-niphtio
Eedi (a LEGO backed startup),Senior Software Engineer (.net/react),https://remoteok.io//remote-jobs/84371-remote-senior-software-engineer-net-react-eedi-a-lego-backed-startup
Public Happiness Movement,Volunteer Covid 19 Response Team Looking for Reactjs Meteor Devs Help Launch Our Platform,https://remoteok.io//remote-jobs/84354-remote-volunteer-covid-19-response-team-looking-for-reactjs-meteor-devs-help-launch-our-platform-public-happiness-movement
Commsor,Software Engineer,https://remoteok.io//remote-jobs/84335-remote-software-engineer-commsor
Clevertech,Ruby On Rails React Native Engineer 100,https://remoteok.io//remote-jobs/84320-remote-ruby-on-rails-react-native-engineer-100-clevertech
Clevertech,React Native Developer 100,https://remoteok.io//remote-jobs/84318-remote-react-native-developer-100-clevertech
Dashwork Studio Pvt. Ltd.,Wordpress Developer (php/js/react),https://remoteok.io//remote-jobs/84301-remote-wordpress-developer-php-js-react-dashwork-studio-pvt-ltd
Airofit,Full Stack Developer,https://remoteok.io//remote-jobs/84277-remote-full-stack-developer-airofit
Remotesome,Senior Front End Developer,https://remoteok.io//remote-jobs/84273-remote-senior-front-end-developer-remotesome
RemoteLeads,Javascript Developer,https://remoteok.io//remote-jobs/84253-remote-javascript-developer-remoteleads
Celestial,Nodejs + Mongo + Graphql,https://remoteok.io//remote-jobs/84247-remote-nodejs-mongo-graphql-celestial
SideShift.ai,Frontend Engineer,https://remoteok.io//remote-jobs/84223-remote-frontend-engineer-sideshift-ai
Rekordio,Hardcore React Native Nodejs Application Developer Required,https://remoteok.io//remote-jobs/84214-remote-hardcore-react-native-nodejs-application-developer-required-rekordio
PostHog,First Engineer - Full Stack,https://remoteok.io//remote-jobs/84205-remote-first-engineer-full-stack-posthog
Professional Insight,Lead Developer,https://remoteok.io//remote-jobs/84193-remote-lead-developer-professional-insight
GLOBAL APPCASTING,Senior React Developer For Position,https://remoteok.io//remote-jobs/84195-remote-senior-react-developer-for-position-global-appcasting
productboard,Frontend Engineer React.js,https://remoteok.io//remote-jobs/84185-remote-frontend-engineer-react-js-productboard
Scalable Path,Senior Full Stack PHP React Developer,https://remoteok.io//remote-jobs/84085-remote-senior-full-stack-php-react-developer-scalable-path
Codelitt,Senior React Engineer,https://remoteok.io//remote-jobs/84061-remote-senior-react-engineer-codelitt
Athenian,Senior Software Engineer - Frontend,https://remoteok.io//remote-jobs/84019-remote-senior-software-engineer-frontend-athenian
Scalable Path,Senior Node React Mongodb Developer,https://remoteok.io//remote-jobs/83974-remote-senior-node-react-mongodb-developer-scalable-path
Fresh Tri,"Senior Software Engineer, Mobile",https://remoteok.io//remote-jobs/83876-remote-senior-software-engineer-mobile-fresh-tri
Rekordio,Expert FS Nodejs React RN Developer Required For Realtime Application,https://remoteok.io//remote-jobs/83688-remote-expert-fs-nodejs-react-rn-developer-required-for-realtime-application-rekordio
MVPF,Senior Software Engineer (m/f/d),https://remoteok.io//remote-jobs/83678-remote-senior-software-engineer-m-f-d-mvpf
Ascent Software,React Native Developer,https://remoteok.io//remote-jobs/83674-remote-react-native-developer-ascent-software
komoot,React JS Developer,https://remoteok.io//remote-jobs/83754-remote-react-js-developer-komoot
GLOBAL APPCASTING,React Developer For Job,https://remoteok.io//remote-jobs/83630-remote-react-developer-for-job-global-appcasting
Chop Dawg,Part-time React Native Developer,https://remoteok.io//remote-jobs/83579-remote-part-time-react-native-developer-chop-dawg
YouGov,React Developer,https://remoteok.io//remote-jobs/83565-remote-react-developer-yougov
Praxent,Software Engineer (react),https://remoteok.io//remote-jobs/83547-remote-software-engineer-react-praxent
Hubstaff,React Ruby On Rails Engineer,https://remoteok.io//remote-jobs/83530-remote-react-ruby-on-rails-engineer-hubstaff
Praxent,Software Engineering Manager,https://remoteok.io//remote-jobs/83521-remote-software-engineering-manager-praxent
Tempest,Mobile Engineer (react Native),https://remoteok.io//remote-jobs/83489-remote-mobile-engineer-react-native-tempest
WIZZCAD,Ingénieur Développeur Fullstack Senior,https://remoteok.io//remote-jobs/83436-remote-ingenieur-developpeur-fullstack-senior-wizzcad
Tribe Labs,Mid to Senior React Dev,https://remoteok.io//remote-jobs/83422-remote-mid-to-senior-react-dev-tribe-labs
dploy.ai,React Front-end Engineer,https://remoteok.io//remote-jobs/83419-remote-react-front-end-engineer-dploy-ai
Scalable Path,Senior Full Stack PHP React Mysql Developer,https://remoteok.io//remote-jobs/83738-remote-senior-full-stack-php-react-mysql-developer-scalable-path
Soshace,React React Native Developer,https://remoteok.io//remote-jobs/83388-remote-react-react-native-developer-soshace
Clevertech,100% Senior React Developer,https://remoteok.io//remote-jobs/83371-remote-100-senior-react-developer-clevertech
Mahisoft,Senior React Developer,https://remoteok.io//remote-jobs/83764-remote-senior-react-developer-mahisoft
Soshace,React Angular Front End Developer,https://remoteok.io//remote-jobs/83310-remote-react-angular-front-end-developer-soshace
Hays,React Developer Opportunity,https://remoteok.io//remote-jobs/83297-remote-react-developer-opportunity-hays
Hays,React Developer,https://remoteok.io//remote-jobs/83294-remote-react-developer-hays
Omstars,Tech Lead - NO Longer Available,https://remoteok.io//remote-jobs/83287-remote-tech-lead-no-longer-available-omstars
Cohabs,Senior Full-stack Engineer,https://remoteok.io//remote-jobs/83262-remote-senior-full-stack-engineer-cohabs
GLOBAL APPCASTING,React Developer A Virtual Team,https://remoteok.io//remote-jobs/83230-remote-react-developer-a-virtual-team-global-appcasting
Urban Campus,Full Stack Engineer,https://remoteok.io//remote-jobs/83132-remote-full-stack-engineer-urban-campus
Clevertech,React Python Developer 100,https://remoteok.io//remote-jobs/83127-remote-react-python-developer-100-clevertech
Soshace,Front End Developer Experienced React Angular,https://remoteok.io//remote-jobs/83096-remote-front-end-developer-experienced-react-angular-soshace
Trainer Road,Senior React RN Developer,https://remoteok.io//remote-jobs/83090-remote-senior-react-rn-developer-trainer-road
BiTE interactive,Lead React Native Engineer,https://remoteok.io//remote-jobs/83022-remote-lead-react-native-engineer-bite-interactive
Clevertech,100% Python React Developer,https://remoteok.io//remote-jobs/82984-remote-100-python-react-developer-clevertech
WIREWAX,"Javascript Developer (react, Redux)",https://remoteok.io//remote-jobs/79845-remote-javascript-developer-react-redux-wirewax
Moneyhub,Javascript Engineer,https://remoteok.io//remote-jobs/77359-remote-javascript-engineer-moneyhub
LocusLabs,React UI Software Engineer,https://remoteok.io//remote-jobs/78925-remote-react-ui-software-engineer-locuslabs
Clevertech,100% React 3D Developer,https://remoteok.io//remote-jobs/77353-remote-100-react-3d-developer-clevertech
Clevertech,React 3D Developer,https://remoteok.io//remote-jobs/77331-remote-react-3d-developer-clevertech
Toptal,Senior React Developer,https://remoteok.io//remote-jobs/77318-remote-senior-react-developer-toptal
Monday.vc,Senior Front End Engineer,https://remoteok.io//remote-jobs/77265-remote-senior-front-end-engineer-monday-vc
Aha,Lead Ruby On Rails Engineer React,https://remoteok.io//remote-jobs/77223-remote-lead-ruby-on-rails-engineer-react-aha
Prospect,Javascript (react) Software Engineer,https://remoteok.io//remote-jobs/77153-remote-javascript-react-software-engineer-prospect
Drops,Senior Frontend Engineer (react Native),https://remoteok.io//remote-jobs/77083-remote-senior-frontend-engineer-react-native-drops
CAtapult,Fullstack Engineer,https://remoteok.io//remote-jobs/77076-remote-fullstack-engineer-catapult
Clevertech,Full Stack Developer Node React 100,https://remoteok.io//remote-jobs/77030-remote-full-stack-developer-node-react-100-clevertech
Clevertech,React Developer,https://remoteok.io//remote-jobs/77031-remote-react-developer-clevertech
vidIQ,Senior Frontend Engineer,https://remoteok.io//remote-jobs/76997-remote-senior-frontend-engineer-remote-vidiq
Toptal,Senior React Engineer –,https://remoteok.io//remote-jobs/76970-remote-senior-react-engineer-remote-toptal
Tempest,Full Stack/front-end Focused Engineer -,https://remoteok.io//remote-jobs/76958-remote-full-stack-front-end-focused-engineer-tempest
Brushfire,Full Stack React Engineer,https://remoteok.io//remote-jobs/76938-remote-full-stack-react-engineer-brushfire
"JPMorgan Chase Bank, N.A.",Full Stack Software Engineer (React & Python),https://stackoverflow.com/jobs/421888/full-stack-software-engineer-react-python-jpmorgan-chase-bank-na
Talent Corner Hr Services Private Limited,"React JS Developer, Software Engineer/Programmer",https://stackoverflow.com/jobs/428787/react-js-developer-software-engineer-programmer-talent-corner-hr-services
Nala,"Software Engineer (Full-Stack, React)",https://stackoverflow.com/jobs/429366/software-engineer-full-stack-react-nala
Edify,Sr. React Developer,https://stackoverflow.com/jobs/421778/sr-react-developer-edify
Pinnacle 21,Senior Software Engineer (React/Java),https://stackoverflow.com/jobs/262299/senior-software-engineer-react-java-pinnacle-21
Sector Labs,Full Stack Software Engineer (React & Django),https://stackoverflow.com/jobs/242127/full-stack-software-engineer-react-django-sector-labs
Marley Spoon AG,"Fullstack Software Engineer (Ruby, ReactJS)",https://stackoverflow.com/jobs/429688/fullstack-software-engineer-ruby-reactjs-marley-spoon-ag
JPMorgan Chase &amp; Co.,Software Engineering-Reactjs,https://stackoverflow.com/jobs/422619/software-engineering-reactjs-jpmorgan-chase-co
procilon Group,React JS Frontend Entwickler (all genders),https://stackoverflow.com/jobs/403008/react-js-frontend-entwickler-all-genders-procilon-group
"Revel Systems                        <span class=""s-tag bg-black-075 fs-category fs-fine fc-black-600 lh-lg"">viaWork in Lithuania",Full Stack Engineer (React + Python),https://stackoverflow.com/jobs/411392/full-stack-engineer-react-plus-python-revel-systems
Switcher Studio,Full Stack Software Engineer (React/React Native/C#),https://stackoverflow.com/jobs/429697/full-stack-software-engineer-react-react-native-switcher-studio
Root Insurance Company,React Staff Software Engineer at Root Insurance (a $3.65B valuation startup),https://stackoverflow.com/jobs/365535/react-staff-software-engineer-at-root-insurance-root-insurance-company
"JPMorgan Chase Bank, N.A.",Senior Full Stack Java Software Engineer with React,https://stackoverflow.com/jobs/432138/senior-full-stack-java-software-engineer-with-jpmorgan-chase-bank-na
"JPMorgan Chase Bank, N.A.",Full Stack (Python/React) Software engineer,https://stackoverflow.com/jobs/421440/full-stack-python-react-software-engineer-jpmorgan-chase-bank-na
Tacto,Software Engineer (React),https://stackoverflow.com/jobs/385347/software-engineer-react-tacto
Plex,Full-Stack React/Node Developer,https://stackoverflow.com/jobs/425132/full-stack-react-node-developer-plex
Sector Labs,Principal Full Stack Software Engineer (React & Django),https://stackoverflow.com/jobs/249484/principal-full-stack-software-engineer-react-sector-labs
Workmates,Immediate opening for Software Solutions Architect-React JS- Ernakulam,https://stackoverflow.com/jobs/415384/immediate-opening-for-software-solutions-workmates
Sector Labs,Senior Full Stack Software Engineer (React & Django),https://stackoverflow.com/jobs/241611/senior-full-stack-software-engineer-react-sector-labs
"JPMorgan Chase Bank, N.A.","Software Engineering - Javascript, ReactJS, Oracle",https://stackoverflow.com/jobs/425080/software-engineering-javascript-reactjs-oracle-jpmorgan-chase-bank-na
Wipro Digital,Front-End (Angular/React) and Node JS Backend – Senior Developer,https://stackoverflow.com/jobs/424505/front-end-angular-react-and-node-js-backend-wipro-digital
"JPMorgan Chase Bank, N.A.",JavaScript/ React Software Engineer-Glasgow,https://stackoverflow.com/jobs/427343/javascript-react-software-engineer-glasgow-jpmorgan-chase-bank-na
SkillValue,Développeur Full-Stack JavaScript (React/Node) en Remote,https://stackoverflow.com/jobs/387926/d%C3%A9veloppeur-full-stack-javascript-react-node-en-skillvalue
H4,"Senior Full Stack Software Engineer (Typescript, Node.js, React, AWS)",https://stackoverflow.com/jobs/304003/senior-full-stack-software-engineer-typescript-h4
"JPMorgan Chase Bank, N.A.",Software Engineer - Full Stack (Java / React / Angular),https://stackoverflow.com/jobs/432041/software-engineer-full-stack-java-react-jpmorgan-chase-bank-na
Podsights,Software Engineer,https://weworkremotely.com/company/podsights
Sticker Mule,Javascript Engineer,https://weworkremotely.com/company/sticker-mule
G2i Inc.,Remote Contract Node Developer,https://weworkremotely.com/company/g2i-inc
GooseChase,Senior Android Engineer,https://weworkremotely.com/company/goosechase
Authory,Senior Frontend Engineer,https://weworkremotely.com/company/authory
Awesome Motive Inc.,WordPress Developer (PHP/JS),https://weworkremotely.com/company/awesome-motive-inc
Files.com,Frontend Engineer (ES8/React/Redux/Saga) ,https://weworkremotely.com/company/files-com
Betterteam,Senior Software Engineer - Haskell/Golang,https://weworkremotely.com/company/betterteam
Sitemate,Mid/Senior Mobile App Developer - React Native,https://weworkremotely.com/company/sitemate
Agiletestware,Senior ReactJS Developer,https://weworkremotely.com/company/agiletestware
"Our Hometown, Inc",Junior Full Stack Software Engineer – REMOTE – Full Time,https://weworkremotely.com/company/our-hometown-inc
MercuryWorks,Back-end Engineer (.NET),https://weworkremotely.com/company/mercuryworks
CartKit,Full Stack Engineer @ CartKit,https://weworkremotely.com/company/cartkit
Bitovi,React Developer and Consultant,https://weworkremotely.com/company/bitovi
Shrine Development,Senior Software Engineer,https://weworkremotely.com/company/shrine-development
G2i Inc.,Remote Contract React Native Engineer,https://weworkremotely.com/company/g2i-inc
Foxbox Digital,Software Engineer,https://weworkremotely.com/company/foxbox-digital
Capbase,"Senior Javascript Engineer with strong AWS experience (Serverless, Lambda, DynamoDB, CloudFormation)",https://weworkremotely.com/company/capbase
Postscript,Fullstack Engineer,https://weworkremotely.com/company/postscript
Modal,Principal Architect,https://weworkremotely.com/company/modal
G2i Inc.,Remote Contract React Developer,https://weworkremotely.com/company/g2i-inc
Qualio,Senior Software Developer,https://weworkremotely.com/company/qualio
Toptal,"Freelance React Native Developer – Remote, Full-time",https://weworkremotely.com/company/toptal
HubTran,Senior Software Engineer - Ruby/Elm/React,https://weworkremotely.com/company/hubtran
Loss Control Plus,Full Stack Web Developer (Typescript/Node/Angular),https://weworkremotely.com/company/loss-control-plus
Toggl,Frontend Developer for Toggl Hire,https://weworkremotely.com/company/toggl
AgencyAnalytics,React Developer,https://weworkremotely.com/company/agencyanalytics
The SilverLogic,Full-Stack Software Engineer (Django+React) (Western Hemisphere),https://weworkremotely.com/company/the-silverlogic
MercuryWorks,JavaScript Developer (React+Node),https://weworkremotely.com/company/mercuryworks
Chartable,Product Engineer,https://weworkremotely.com/company/chartable
Wealthbox,Senior Full-Stack Ruby on Rails Engineer,https://weworkremotely.com/company/wealthbox
Level,Senior Front-End Developer,https://weworkremotely.com/company/level
Nearsure,Senior React Developer,https://weworkremotely.com/company/nearsure
CartHook,Senior Frontend React Engineer,https://weworkremotely.com/company/carthook
CartKit,Backend Engineer @ CartKit,https://weworkremotely.com/company/cartkit
Reviewshake,Ruby on Rails Engineer,https://weworkremotely.com/company/reviewshake
Loss Control Plus,*Senior* React Native Mobile Dev (Full time) ,https://weworkremotely.com/company/loss-control-plus
11Sigma,Senior FrontEnd (TypeScript / React) Engineer,https://weworkremotely.com/company/11sigma
Chili Piper,Front End Engineer,https://weworkremotely.com/company/chili-piper
Differential,Software Developer,https://weworkremotely.com/company/differential
Farmstead,Senior Full-Stack Software Engineer,https://weworkremotely.com/company/farmstead
Airtable,QA Analyst (Contract),https://weworkremotely.com/company/airtable
Clear Summit,Software Engineer for Digital Agency,https://weworkremotely.com/company/clear-summit
Credit Glory,Test Automation Engineer,https://weworkremotely.com/company/credit-glory
Chili Piper,Back End Engineer,https://weworkremotely.com/company/chili-piper
"Infinity Software Development, Inc.","Sr. Software Engineer, across a wide array of tech stacks, 100% Remote",https://weworkremotely.com/company/infinity-software-development-inc
Spline,Javascript Developer (Graphics),https://weworkremotely.com/company/spline
Orum,Full-Stack Engineer,https://weworkremotely.com/company/orum
Follow Up Boss,Senior Full Stack Engineer,https://weworkremotely.com/company/follow-up-boss
Ukufu Pty Ltd,Tech Lead,https://weworkremotely.com/company/ukufu-pty-ltd
MyAccident,Senior Full Stack Engineer with focus on UX / UI,https://weworkremotely.com/company/myaccident
G2i,Remote Contract Node.js Developer,https://weworkremotely.com/company/g2i
DroneDeploy,Senior JavaScript Software Engineer ,https://weworkremotely.com/company/dronedeploy
Arc,Senior React Native Developer,https://weworkremotely.com/company/arc
Power Home Remodeling,Ruby on Rails Developer,https://weworkremotely.com/remote-jobs/power-home-remodeling-ruby-on-rails-developer
Aurora Solar,"Software Engineer, Frontend (Remote)",https://weworkremotely.com/remote-jobs/aurora-solar-software-engineer-frontend-remote
Bubbling,Python Full Stack Software Developer (senior) - remote,https://weworkremotely.com/company/bubbling
Bit Zesty,Ruby on Rails Developer,https://weworkremotely.com/company/bit-zesty
X-Team,React Native/iOS/UI/UX Developer,https://weworkremotely.com/company/x-team
Primer.ai,Senior Frontend Engineer,https://weworkremotely.com/company/primer-ai
Chargify,Senior Software Engineer - Analytics Team,https://weworkremotely.com/remote-jobs/chargify-senior-software-engineer-analytics-team
Localize,Senior Full Stack Javascript Engineer,https://weworkremotely.com/company/localize
Springboard,Software Engineering Mentor,https://weworkremotely.com/company/springboard
Producement,Full Stack Engineer,https://weworkremotely.com/remote-jobs/producement-full-stack-engineer
Uploan,Full Stack Tech/Team Lead,https://weworkremotely.com/company/uploan
Chameleon,Front-End Developer,https://weworkremotely.com/remote-jobs/chameleon-front-end-developer
TrueCoach,Senior Backend Engineer,https://weworkremotely.com/company/truecoach
Kontist GmbH,Senior Backend JavaScript Developer,https://weworkremotely.com/company/kontist-gmbh
Doximity,iOS Developer,https://weworkremotely.com/company/doximity
MetaCX,Software Engineering Manager,https://weworkremotely.com/remote-jobs/metacx-software-engineering-manager
Clipboard Health,Full Stack Software Engineer,https://weworkremotely.com/company/clipboard-health
Eight,Senior Front-End Developer,https://weworkremotely.com/company/eight
Retrium,Senior JavaScript Engineer,https://weworkremotely.com/remote-jobs/retrium-senior-javascript-engineer
UrgentPoint,Mid level Full Stack Software Engineer ,https://weworkremotely.com/company/urgentpoint
Impossible Bureau,Senior Software Developer / Creative Technologist,https://weworkremotely.com/remote-jobs/impossible-bureau-senior-software-developer-creative-technologist
BuildBook,Product Engineer,https://weworkremotely.com/company/buildbook
InferLink,Front-End Developer (Part-time),https://weworkremotely.com/company/inferlink
Bevy,Software Engineer-General,https://weworkremotely.com/remote-jobs/bevy-software-engineer-general
reacHIRE,React Native - Front End Developer (remote),https://weworkremotely.com/company/reachire
Wirecutter,Front-end Software Engineer,https://weworkremotely.com/remote-jobs/wirecutter-front-end-software-engineer
PROOF,Full Stack Software Developer,https://weworkremotely.com/remote-jobs/proof-full-stack-software-developer-1
Impactian,"Freelance Front-End Developer - Remote, Full-time/Part-time Options",https://weworkremotely.com/company/impactian
Oddball,Senior Rails Engineer,https://weworkremotely.com/remote-jobs/oddball-senior-rails-engineer-4
Clipboard Health,Senior Technical Lead,https://weworkremotely.com/remote-jobs/clipboard-health-senior-technical-lead
Moment,Full Stack Engineer,https://weworkremotely.com/remote-jobs/moment-full-stack-engineer
RemoteLock,Senior Full-stack Engineer (Ruby on Rails),https://weworkremotely.com/remote-jobs/remotelock-senior-full-stack-engineer-ruby-on-rails-2
LOFT,Software Support Engineer (Remote),https://weworkremotely.com/remote-jobs/loft-software-support-engineer-remote
"Brivity, Inc.",Senior Software Engineer - Web Apps,https://weworkremotely.com/company/brivity-inc
ColorElephant,ReactJS Developer,https://weworkremotely.com/remote-jobs/colorelephant-reactjs-developer
Clevertech,Sr. Full-Stack Javascript Developer,https://weworkremotely.com/company/clevertech
Sector Labs,Senior Full Stack Engineer,https://weworkremotely.com/company/sector-labs
First+Third,Front-end React Web Developer,https://weworkremotely.com/remote-jobs/first-third-front-end-react-web-developer
Few,Full-stack Laravel/PHP Developer,https://weworkremotely.com/remote-jobs/few-full-stack-laravel-php-developer
Farmgirl Flowers,Front-End Engineer,https://weworkremotely.com/company/farmgirl-flowers
Quill.org,Senior Software Engineer - Ruby/React/Python,https://weworkremotely.com/company/quill-org
Kentik,Senior UI Engineer,https://weworkremotely.com/remote-jobs/kentik-senior-ui-engineer
Kentik,"Manager, UI Engineering",https://weworkremotely.com/remote-jobs/kentik-manager-ui-engineering
First+Third,Front-end Web Developer,https://weworkremotely.com/remote-jobs/first-third-front-end-web-developer
FingerprintJS,Full-stack JavaScript developer,https://weworkremotely.com/company/fingerprintjs
Frazer Computing,Full-Stack Software Engineer,https://weworkremotely.com/remote-jobs/frazer-computing-full-stack-software-engineer
We Make Websites,Front-end/ Full Stack Developer,https://weworkremotely.com/company/we-make-websites
Oddball,Senior Front End Engineer,https://weworkremotely.com/remote-jobs/oddball-senior-front-end-engineer-5
Series Eight,Creative Front-end Developer,https://weworkremotely.com/listings/series-eight-creative-front-end-developer
Doximity,"Software Engineer, Android (Kotlin)",https://weworkremotely.com/company/doximity
X-Team,Senior Team Lead JS Engineer,https://weworkremotely.com/company/x-team
X-Team,"Engineering Manager (React, React Native, Mobile)",https://weworkremotely.com/company/x-team
Flex Dental,Senior Full Stack Developer,https://weworkremotely.com/company/flex-dental
DroneDeploy,"Senior Frontend Software Engineer, Mobile (SF Bay Area/Remote)",https://weworkremotely.com/company/dronedeploy
My China Roots,Experienced Software Engineer (Full Stack),https://weworkremotely.com/remote-jobs/my-china-roots-experienced-software-engineer-full-stack
"Rocket Communications, Inc.",Senior Front End Developer (Angular),https://weworkremotely.com/remote-jobs/rocket-communications-inc-senior-front-end-developer-angular
LeadSimple Inc.,Software Engineer (Ruby / React),https://weworkremotely.com/company/leadsimple-inc
Jane.com,Sr. Frontend Engineer,https://weworkremotely.com/company/jane-com
X-Team,Front End Developer - React/Gatsby Developer,https://weworkremotely.com/company/x-team
Disco Labs,Mid to Senior Ruby Developer,https://weworkremotely.com/remote-jobs/disco-labs-mid-to-senior-ruby-developer
Higharc,Senior Full Stack Software Engineer,https://weworkremotely.com/company/higharc
Axios,Senior Mobile Engineer (React Native),https://weworkremotely.com/remote-jobs/axios-senior-mobile-engineer-react-native
Impactian,"Freelance C# Developer - Remote, Full-time/Part-time Options",https://weworkremotely.com/remote-jobs/impactian-freelance-csharp-developer-remote-full-time-part-time-options
Oddball,Full Stack Engineer,https://weworkremotely.com/remote-jobs/oddball-full-stack-engineer-2
HeySummit,Fullstack Product Engineer (Django),https://weworkremotely.com/remote-jobs/heysummit-fullstack-product-engineer-django
reacHIRE,Ruby Developer,https://weworkremotely.com/company/reachire
Fostr,Front End Developer (Shopify),https://weworkremotely.com/company/fostr
UNOCHA/UNOPS,Javascript Developer,https://weworkremotely.com/remote-jobs/unocha-unops-javascript-developer-1
TechChange,Full Stack Developer,https://weworkremotely.com/company/techchange
Plain Concepts,Full Stack Senior Web Developer,https://weworkremotely.com/company/plain-concepts
Optimile,(Senior) Python Full Stack Software Developer,https://weworkremotely.com/remote-jobs/optimile-senior-python-full-stack-software-developer
Landdox,Senior Front-End Engineer,https://weworkremotely.com/company/landdox
CIVITATIS,Front-End Developer (Spanish Speaking),https://weworkremotely.com/company/civitatis
Thinkific,Senior Full Stack Engineer,https://weworkremotely.com/remote-jobs/thinkific-senior-full-stack-engineer
Clevertech,Sr. React Developer,https://weworkremotely.com/company/clevertech
Very LLC,Senior Software Engineer - React & React Native,https://weworkremotely.com/remote-jobs/very-llc-senior-software-engineer-react-react-native
Dataquest ,Senior Product Engineer (Remote - Anywhere),https://weworkremotely.com/company/dataquest
Dataquest ,Senior Product Engineer (Remote - Anywhere),https://weworkremotely.com/company/dataquest
